num,x,y
0,-4.8252396827,-1.2530685796
1,-18.9302072058,-3.27433665634
2,-31.9823555043,-11.34231223581